[
  {
    "model": "calculator.formula",
    "pk": 1,
    "fields": {
      "created_at": "2024-09-28T20:13:51.203Z",
      "updated_at": "2024-09-28T20:13:51.209Z",
      "name": "Внешние камеры",
      "expression": "outer_camera_len * cabel_price_for_outer_cameras_per_meter + if(str_equals(setup_type, 'Простая'), setup_outer_camera_simple*block_amount , 0)  + if(str_equals(setup_type, 'Средняя'), setup_outer_camera*block_amount , 0) +  if(str_equals(setup_type, 'Сложная'), setup_outer_camera_hard*block_amount , 0) + floor(block_amount / 16) * reg16 + if(block_amount % 16 > 8, reg16, if(block_amount % 16 > 4 and block_amount % 16 <= 8, reg8,  if(block_amount % 16 > 0 and block_amount % 16 <= 4, reg4, 0))) + if(str_equals(type, 'AHD'), (floor(block_amount / 16) + if(block_amount % 16 > 0, 1, 0)) * reg_ahd_setup, 0) + if(str_equals(type, 'IP'), (floor(block_amount / 16) + if(block_amount % 16 > 0, 1, 0)) * reg_ip_setup, 0) +  if(str_equals(type, 'AHD'), (floor(block_amount / 5) + if(block_amount % 5 > 0, 1, 0)) * power_supply_ahd, 0)"
    }
  },
  {
    "model": "calculator.formula",
    "pk": 2,
    "fields": {
      "created_at": "2024-09-28T20:13:51.203Z",
      "updated_at": "2024-09-28T20:13:51.209Z",
      "name": "Внутренние камеры",
      "expression": "inner_camera_len * cabel_price_for_inner_cameras_per_meter + if(str_equals(inner_setup, 'Простая'), setup_inner_camera_simple*block_amount, 0)  + if(str_equals(inner_setup, 'Средняя'), setup_inner_camera*block_amount, 0) +  if(str_equals(inner_setup, 'Сложная'), setup_inner_camera_hard*block_amount, 0) + floor(block_amount / 16) * reg16 + if(block_amount % 16 > 8, reg16, if(block_amount % 16 > 4 and block_amount % 16 <= 8, reg8,  if(block_amount % 16 > 0 and block_amount % 16 <= 4, reg4, 0))) + if(str_equals(type, 'AHD'), (floor(block_amount / 16) + if(block_amount % 16 > 0, 1, 0)) * reg_ahd_setup, 0) + if(str_equals(type, 'IP'), (floor(block_amount / 16) + if(block_amount % 16 > 0, 1, 0)) * reg_ip_setup, 0) +  if(str_equals(type, 'AHD'), (floor(block_amount / 5) + if(block_amount % 5 > 0, 1, 0)) * power_supply_ahd, 0)"
    }
  },
  {
    "model": "calculator.formula",
    "pk": 3,
    "fields": {
      "created_at": "2024-09-28T20:13:51.203Z",
      "updated_at": "2024-09-28T20:13:51.209Z",
      "name": "СКУД",
      "expression": "3000"
    }
  },
  {
    "model": "calculator.formula",
    "pk": 4,
    "fields": {
      "created_at": "2024-09-28T20:13:51.203Z",
      "updated_at": "2024-09-28T20:13:51.209Z",
      "name": "ОПС",
      "expression": "if(security_sensor == true, security_sound_sensor * wired_sound_alarm + security_light_sensor * wired_light_alarm, 0)  + security_fire_extinguisher * fire_extinguisher + if(str_equals(security_system_type, 'Беспроводная'), security_wireless_fire_detector * wireless_fire_alarm, 0) + if(str_equals(security_system_type, 'Проводная'), security_wired_fire_detector * wired_fire_alarm, 0) + if(str_equals(security_system_type, 'Беспроводная'), wireless_security_sound_sensor* wireless_sound_sensor, 0) + if(str_equals(security_system_type, 'Беспроводная'), 17640+3000+1300, 0) + if(str_equals(security_system_type, 'Проводная'), 8285+3000+1300, 0) + if(str_equals(project_development, 'Простая'), security_project_price_s, 0) + if(str_equals(project_development, 'Средняя'), security_project_price_m, 0) + if(str_equals(project_development, 'Сложная'), security_project_price_l, 0) + if(str_equals(security_system_type, 'Проводная'), wired_security_alarm * security_wired_security_sensor, 0) + if(str_equals(security_system_type, 'Беспроводная'), wireless_security_alarm * security_wireless_security_sensor, 0) + if(str_equals(security_system_type, 'Беспроводная'), wireless_cable_len * security_cable_len_wireless, 0) + + if(str_equals(security_system_type, 'Проводная'), wired_cable_len * security_cable_len_wired, 0)"
    }
  },
  {
    "model": "calculator.formula",
    "pk": 5,
    "fields": {
      "created_at": "2024-09-28T20:13:51.203Z",
      "updated_at": "2024-09-28T20:13:51.209Z",
      "name": "Тест фильтров",
      "expression": "0"
    }
  },
  {
    "model": "calculator.calculator",
    "pk": 1,
    "fields": {
      "created_at": "2024-09-28T20:13:51.096Z",
      "updated_at": "2024-09-28T20:13:51.103Z",
      "active": true
    }
  },
  {
    "model": "calculator.calculatorblock",
    "pk": 1,
    "fields": {
      "created_at": "2024-09-28T20:13:51.186Z",
      "updated_at": "2025-01-01T07:21:01.036Z",
      "calculator": 1,
      "position": 1,
      "title": "Наружные камеры",
      "image": "media/calculator/camera-white_UBg5TBl.png",
      "formula": 1,
      "quantity_selection": true
    }
  },
  {
    "model": "calculator.calculatorblock",
    "pk": 2,
    "fields": {
      "created_at": "2024-09-28T20:13:51.186Z",
      "updated_at": "2024-09-28T20:13:51.196Z",
      "calculator": 1,
      "position": 2,
      "title": "Внутренние камеры",
      "image": "media/calculator/inner-camera_wiTuKHZ.png",
      "formula": 2,
      "quantity_selection": true
    }
  },
  {
    "model": "calculator.calculatorblock",
    "pk": 3,
    "fields": {
      "created_at": "2024-09-28T20:13:51.186Z",
      "updated_at": "2024-09-28T20:13:51.196Z",
      "calculator": 1,
      "position": 3,
      "title": "СКУД",
      "image": "media/calculator/remote_GAVy6Xi.png",
      "formula": 3,
      "quantity_selection": true
    }
  },
  {
    "model": "calculator.calculatorblock",
    "pk": 4,
    "fields": {
      "created_at": "2024-09-28T20:13:51.186Z",
      "updated_at": "2024-09-28T20:13:51.196Z",
      "calculator": 1,
      "position": 4,
      "title": "Охранно-пожарная сигнализация",
      "image": "media/calculator/security.png",
      "formula": 4,
      "quantity_selection": false
    }
  },
  {
    "model": "calculator.calculation",
    "pk": 1,
    "fields": {
      "created_at": "2025-01-01T06:11:09.094Z",
      "updated_at": "2025-01-01T07:18:45.758Z",
      "block": 1,
      "amount": "if(str_equals(type, 'IP'), (floor(block_amount / 16) + if(block_amount % 16 > 8, 1, 0)) * {x}, 0)",
      "product": 2,
      "filters": "quantity_cam==16\r\ntype==IP"
    }
  },
  {
    "model": "calculator.calculation",
    "pk": 2,
    "fields": {
      "created_at": "2025-01-01T06:11:09.100Z",
      "updated_at": "2025-01-01T07:18:45.759Z",
      "block": 1,
      "amount": "if(str_equals(type, 'IP'), if(block_amount % 16 > 4 and block_amount % 16 <= 8, {x},  0), 0)",
      "product": 2,
      "filters": "quantity_cam==8\r\ntype==IP"
    }
  },
  {
    "model": "calculator.calculation",
    "pk": 3,
    "fields": {
      "created_at": "2025-01-01T06:11:09.101Z",
      "updated_at": "2025-01-01T07:18:45.760Z",
      "block": 1,
      "amount": "if(str_equals(type, 'IP'), if(block_amount % 16 > 0 and block_amount % 16 <= 4, {x}, 0), 0)",
      "product": 2,
      "filters": "quantity_cam==4\r\ntype==IP"
    }
  },
  {
    "model": "calculator.calculation",
    "pk": 4,
    "fields": {
      "created_at": "2025-01-01T07:18:45.761Z",
      "updated_at": "2025-01-01T07:18:45.761Z",
      "block": 1,
      "amount": "if(str_equals(type, 'AHD'), (floor(block_amount / 16) + if(block_amount % 16 > 8, 1, 0)) * {x}, 0)",
      "product": 2,
      "filters": "quantity_cam==16\r\ntype==AHD"
    }
  },
  {
    "model": "calculator.calculation",
    "pk": 5,
    "fields": {
      "created_at": "2025-01-01T07:18:45.763Z",
      "updated_at": "2025-01-01T07:18:45.763Z",
      "block": 1,
      "amount": "if(str_equals(type, 'IP'), if(block_amount % 16 > 4 and block_amount % 16 <= 8, {x},  0), 0)",
      "product": 2,
      "filters": "quantity_cam==8\r\ntype==AHD"
    }
  },
  {
    "model": "calculator.calculation",
    "pk": 6,
    "fields": {
      "created_at": "2025-01-01T07:18:45.764Z",
      "updated_at": "2025-01-01T07:18:45.764Z",
      "block": 1,
      "amount": "if(str_equals(type, 'IP'), if(block_amount % 16 > 0 and block_amount % 16 <= 4, {x}, 0), 0)",
      "product": 2,
      "filters": "quantity_cam==4\r\ntype==AHD"
    }
  },
  {
    "model": "calculator.blockoption",
    "pk": 48,
    "fields": {
      "polymorphic_ctype": 52,
      "created_at": "2024-09-28T14:24:38.262Z",
      "updated_at": "2025-01-01T06:01:55.521Z",
      "block": 1,
      "position": 1,
      "title": "Тип системы",
      "description": "Ну тип системы",
      "option_type": "radio",
      "choices": "AHD; IP",
      "depends_on": null,
      "depends_on_value": ""
    }
  },
  {
    "model": "calculator.blockoption",
    "pk": 49,
    "fields": {
      "polymorphic_ctype": 52,
      "created_at": "2024-09-28T14:24:38.283Z",
      "updated_at": "2025-01-01T06:01:55.547Z",
      "block": 1,
      "position": 2,
      "title": "Качество изображения",
      "description": "Ну смотря какой экран, если хотите кино смотреть, то берите 4К",
      "option_type": "radio",
      "choices": "HD; FullHD; 2K-4K",
      "depends_on": null,
      "depends_on_value": ""
    }
  },
  {
    "model": "calculator.blockoption",
    "pk": 50,
    "fields": {
      "polymorphic_ctype": 52,
      "created_at": "2024-09-28T14:24:38.299Z",
      "updated_at": "2025-01-01T06:01:55.587Z",
      "block": 1,
      "position": 3,
      "title": "Настраиваемый объектив",
      "description": "Ну типо приближает, я хз",
      "option_type": "checkbox",
      "choices": null,
      "depends_on": null,
      "depends_on_value": ""
    }
  },
  {
    "model": "calculator.blockoption",
    "pk": 51,
    "fields": {
      "polymorphic_ctype": 52,
      "created_at": "2024-09-28T14:26:31.488Z",
      "updated_at": "2025-01-01T06:01:55.623Z",
      "block": 1,
      "position": 4,
      "title": "Запись звука",
      "description": "Ну это если у вас есть наушники",
      "option_type": "checkbox",
      "choices": null,
      "depends_on": null,
      "depends_on_value": ""
    }
  },
  {
    "model": "calculator.blockoption",
    "pk": 52,
    "fields": {
      "polymorphic_ctype": 52,
      "created_at": "2024-09-28T14:26:31.497Z",
      "updated_at": "2025-01-01T06:01:55.635Z",
      "block": 1,
      "position": 6,
      "title": "Объем хранилища, tb",
      "description": "Ну сколько там надо?",
      "option_type": "radio",
      "choices": "1 tb; 2 tb; 4 tb; 6 tb",
      "depends_on": null,
      "depends_on_value": ""
    }
  },
  {
    "model": "calculator.blockoption",
    "pk": 53,
    "fields": {
      "polymorphic_ctype": 51,
      "created_at": "2024-09-28T14:27:49.045Z",
      "updated_at": "2024-09-28T14:27:49.045Z",
      "block": 1,
      "position": 5,
      "title": "Длина кабеля, м",
      "description": "Прикинуться змеей и посчитать расстояние",
      "option_type": "number",
      "choices": null,
      "depends_on": null,
      "depends_on_value": ""
    }
  },
  {
    "model": "calculator.blockoption",
    "pk": 54,
    "fields": {
      "polymorphic_ctype": 51,
      "created_at": "2024-09-28T14:27:49.049Z",
      "updated_at": "2024-09-28T14:27:49.049Z",
      "block": 1,
      "position": 7,
      "title": "Тип установки",
      "description": "Тип установки - три категории",
      "option_type": "radio",
      "choices": "Простая; Средняя; Сложная",
      "depends_on": null,
      "depends_on_value": ""
    }
  },
  {
    "model": "calculator.blockoption",
    "pk": 55,
    "fields": {
      "polymorphic_ctype": 52,
      "created_at": "2024-09-28T14:47:37.566Z",
      "updated_at": "2024-09-28T16:41:23.623Z",
      "block": 2,
      "position": 1,
      "title": "Тип системы",
      "description": "Ну тип системы",
      "option_type": "radio",
      "choices": "AHD; IP",
      "depends_on": null,
      "depends_on_value": ""
    }
  },
  {
    "model": "calculator.blockoption",
    "pk": 56,
    "fields": {
      "polymorphic_ctype": 52,
      "created_at": "2024-09-28T14:47:37.586Z",
      "updated_at": "2024-09-28T16:41:23.642Z",
      "block": 2,
      "position": 2,
      "title": "Качество изображения",
      "description": "Ну смотря какой экран, если хотите кино смотреть, то берите 4К",
      "option_type": "radio",
      "choices": "HD; FullHD; 2K-4K",
      "depends_on": null,
      "depends_on_value": ""
    }
  },
  {
    "model": "calculator.blockoption",
    "pk": 57,
    "fields": {
      "polymorphic_ctype": 52,
      "created_at": "2024-09-28T14:47:37.602Z",
      "updated_at": "2024-09-28T16:41:23.659Z",
      "block": 2,
      "position": 3,
      "title": "Настраиваемый объектив",
      "description": "Ну типо приближает, я хз",
      "option_type": "checkbox",
      "choices": null,
      "depends_on": null,
      "depends_on_value": ""
    }
  },
  {
    "model": "calculator.blockoption",
    "pk": 58,
    "fields": {
      "polymorphic_ctype": 52,
      "created_at": "2024-09-28T14:48:38.024Z",
      "updated_at": "2024-09-28T16:41:23.680Z",
      "block": 2,
      "position": 4,
      "title": "Запись звука",
      "description": "Ну это если у вас есть наушники",
      "option_type": "checkbox",
      "choices": null,
      "depends_on": null,
      "depends_on_value": ""
    }
  },
  {
    "model": "calculator.blockoption",
    "pk": 59,
    "fields": {
      "polymorphic_ctype": 52,
      "created_at": "2024-09-28T14:48:38.034Z",
      "updated_at": "2024-09-28T16:41:23.694Z",
      "block": 2,
      "position": 6,
      "title": "Объем хранилища, tb",
      "description": "Ну сколько там надо?",
      "option_type": "radio",
      "choices": "1 tb; 2 tb; 4 tb; 6 tb",
      "depends_on": null,
      "depends_on_value": ""
    }
  },
  {
    "model": "calculator.blockoption",
    "pk": 60,
    "fields": {
      "polymorphic_ctype": 51,
      "created_at": "2024-09-28T14:50:17.303Z",
      "updated_at": "2024-09-28T15:12:17.856Z",
      "block": 2,
      "position": 5,
      "title": "Длина кабеля, м",
      "description": "Прикинуться змеей и посчитать расстояние",
      "option_type": "number",
      "choices": null,
      "depends_on": null,
      "depends_on_value": ""
    }
  },
  {
    "model": "calculator.blockoption",
    "pk": 61,
    "fields": {
      "polymorphic_ctype": 51,
      "created_at": "2024-09-28T14:50:17.305Z",
      "updated_at": "2024-09-28T14:50:17.305Z",
      "block": 2,
      "position": 7,
      "title": "Тип установки",
      "description": "Тип установки - три категории",
      "option_type": "radio",
      "choices": "Простая; Средняя; Сложная",
      "depends_on": null,
      "depends_on_value": ""
    }
  },
  {
    "model": "calculator.blockoption",
    "pk": 62,
    "fields": {
      "polymorphic_ctype": 51,
      "created_at": "2024-09-28T14:51:35.293Z",
      "updated_at": "2024-09-28T14:51:35.293Z",
      "block": 3,
      "position": 1,
      "title": "Тип системы",
      "description": "выбор типа установки датчиков",
      "option_type": "radio",
      "choices": "Автономная; Стационарная",
      "depends_on": null,
      "depends_on_value": ""
    }
  },
  {
    "model": "calculator.blockoption",
    "pk": 63,
    "fields": {
      "polymorphic_ctype": 51,
      "created_at": "2024-09-28T14:51:35.296Z",
      "updated_at": "2024-09-28T14:51:35.296Z",
      "block": 3,
      "position": 2,
      "title": "Контроллер",
      "description": "Контроллер",
      "option_type": "counter",
      "choices": null,
      "depends_on": null,
      "depends_on_value": ""
    }
  },
  {
    "model": "calculator.blockoption",
    "pk": 64,
    "fields": {
      "polymorphic_ctype": 51,
      "created_at": "2024-09-28T14:51:35.297Z",
      "updated_at": "2024-09-28T14:51:35.297Z",
      "block": 3,
      "position": 3,
      "title": "Монтаж кабеля",
      "description": "На скотч",
      "option_type": "counter",
      "choices": null,
      "depends_on": null,
      "depends_on_value": ""
    }
  },
  {
    "model": "calculator.blockoption",
    "pk": 65,
    "fields": {
      "polymorphic_ctype": 51,
      "created_at": "2024-09-28T14:52:51.809Z",
      "updated_at": "2024-09-28T14:52:51.809Z",
      "block": 3,
      "position": 4,
      "title": "Монтаж точки доступа",
      "description": "Дыра",
      "option_type": "counter",
      "choices": null,
      "depends_on": null,
      "depends_on_value": ""
    }
  },
  {
    "model": "calculator.blockoption",
    "pk": 66,
    "fields": {
      "polymorphic_ctype": 51,
      "created_at": "2024-09-28T14:52:51.811Z",
      "updated_at": "2024-09-28T14:52:51.811Z",
      "block": 3,
      "position": 5,
      "title": "Запирающее устройство",
      "description": "Датчик запирающего устройства",
      "option_type": "radio",
      "choices": "Магнитное; Механическое",
      "depends_on": null,
      "depends_on_value": ""
    }
  },
  {
    "model": "calculator.blockoption",
    "pk": 67,
    "fields": {
      "polymorphic_ctype": 51,
      "created_at": "2024-09-28T14:52:51.812Z",
      "updated_at": "2024-09-28T14:52:51.812Z",
      "block": 3,
      "position": 6,
      "title": "Кол-во запирающих устройств",
      "description": "Ну количество",
      "option_type": "counter",
      "choices": null,
      "depends_on": null,
      "depends_on_value": ""
    }
  },
  {
    "model": "calculator.blockoption",
    "pk": 68,
    "fields": {
      "polymorphic_ctype": 51,
      "created_at": "2024-09-28T14:55:32.487Z",
      "updated_at": "2024-09-28T14:55:32.487Z",
      "block": 3,
      "position": 7,
      "title": "Считыватель карт",
      "description": "считыватель",
      "option_type": "counter",
      "choices": null,
      "depends_on": null,
      "depends_on_value": ""
    }
  },
  {
    "model": "calculator.blockoption",
    "pk": 69,
    "fields": {
      "polymorphic_ctype": 51,
      "created_at": "2024-09-28T14:55:32.489Z",
      "updated_at": "2024-09-28T14:55:32.489Z",
      "block": 3,
      "position": 8,
      "title": "Карта",
      "description": "карта",
      "option_type": "counter",
      "choices": null,
      "depends_on": null,
      "depends_on_value": ""
    }
  },
  {
    "model": "calculator.blockoption",
    "pk": 70,
    "fields": {
      "polymorphic_ctype": 51,
      "created_at": "2024-09-28T14:55:32.490Z",
      "updated_at": "2024-09-28T14:55:32.490Z",
      "block": 3,
      "position": 9,
      "title": "Кнопка выхода",
      "description": "кнопка",
      "option_type": "counter",
      "choices": null,
      "depends_on": null,
      "depends_on_value": ""
    }
  },
  {
    "model": "calculator.blockoption",
    "pk": 71,
    "fields": {
      "polymorphic_ctype": 51,
      "created_at": "2024-09-28T14:56:40.338Z",
      "updated_at": "2024-09-28T14:56:40.338Z",
      "block": 3,
      "position": 10,
      "title": "Источник питания",
      "description": "источник питания",
      "option_type": "counter",
      "choices": null,
      "depends_on": null,
      "depends_on_value": ""
    }
  },
  {
    "model": "calculator.blockoption",
    "pk": 72,
    "fields": {
      "polymorphic_ctype": 51,
      "created_at": "2024-09-28T14:56:40.340Z",
      "updated_at": "2024-09-28T14:56:40.340Z",
      "block": 3,
      "position": 11,
      "title": "Дверной доводчик",
      "description": "дверной доводчик",
      "option_type": "counter",
      "choices": null,
      "depends_on": null,
      "depends_on_value": ""
    }
  },
  {
    "model": "calculator.blockoption",
    "pk": 73,
    "fields": {
      "polymorphic_ctype": 51,
      "created_at": "2024-09-28T14:56:40.341Z",
      "updated_at": "2024-09-28T14:56:40.341Z",
      "block": 3,
      "position": 12,
      "title": "Домофон",
      "description": "домофон",
      "option_type": "checkbox",
      "choices": null,
      "depends_on": null,
      "depends_on_value": ""
    }
  },
  {
    "model": "calculator.blockoption",
    "pk": 74,
    "fields": {
      "polymorphic_ctype": 51,
      "created_at": "2024-09-28T14:59:45.539Z",
      "updated_at": "2024-09-28T14:59:45.539Z",
      "block": 3,
      "position": 13,
      "title": "Вызывные панели",
      "description": "Вызывают апатию",
      "option_type": "counter",
      "choices": null,
      "depends_on": 73,
      "depends_on_value": "true"
    }
  },
  {
    "model": "calculator.blockoption",
    "pk": 75,
    "fields": {
      "polymorphic_ctype": 51,
      "created_at": "2024-09-28T14:59:45.540Z",
      "updated_at": "2024-09-28T14:59:45.540Z",
      "block": 3,
      "position": 14,
      "title": "Абонентские устройства",
      "description": "Абонентские устройства",
      "option_type": "counter",
      "choices": null,
      "depends_on": 73,
      "depends_on_value": "true"
    }
  },
  {
    "model": "calculator.blockoption",
    "pk": 76,
    "fields": {
      "polymorphic_ctype": 51,
      "created_at": "2024-09-28T15:01:48.849Z",
      "updated_at": "2024-09-28T15:01:48.849Z",
      "block": 4,
      "position": 1,
      "title": "Тип системы ОПС",
      "description": "Вариант исполнения: проводная или беспроводная система ОПС",
      "option_type": "radio",
      "choices": "Проводная; Беспроводная;",
      "depends_on": null,
      "depends_on_value": ""
    }
  },
  {
    "model": "calculator.blockoption",
    "pk": 77,
    "fields": {
      "polymorphic_ctype": 51,
      "created_at": "2024-09-28T15:01:48.852Z",
      "updated_at": "2024-09-28T15:04:12.680Z",
      "block": 4,
      "position": 2,
      "title": "Оповещатель",
      "description": "Ну оповещатель",
      "option_type": "checkbox",
      "choices": null,
      "depends_on": 76,
      "depends_on_value": "Проводная"
    }
  },
  {
    "model": "calculator.blockoption",
    "pk": 78,
    "fields": {
      "polymorphic_ctype": 51,
      "created_at": "2024-09-28T15:01:48.854Z",
      "updated_at": "2024-09-28T15:04:12.681Z",
      "block": 4,
      "position": 3,
      "title": "— звуковой",
      "description": "Оповещатель звуковой",
      "option_type": "counter",
      "choices": null,
      "depends_on": 77,
      "depends_on_value": "true"
    }
  },
  {
    "model": "calculator.blockoption",
    "pk": 79,
    "fields": {
      "polymorphic_ctype": 51,
      "created_at": "2024-09-28T15:04:12.683Z",
      "updated_at": "2024-09-28T15:04:12.683Z",
      "block": 4,
      "position": 4,
      "title": "— световой",
      "description": "Оповещатель световой",
      "option_type": "counter",
      "choices": null,
      "depends_on": 77,
      "depends_on_value": "true"
    }
  },
  {
    "model": "calculator.blockoption",
    "pk": 80,
    "fields": {
      "polymorphic_ctype": 51,
      "created_at": "2024-09-28T15:04:12.684Z",
      "updated_at": "2024-09-28T15:04:12.684Z",
      "block": 4,
      "position": 5,
      "title": "Оповещатель звуковой",
      "description": "Оповещатель",
      "option_type": "counter",
      "choices": null,
      "depends_on": 76,
      "depends_on_value": "Беспроводная"
    }
  },
  {
    "model": "calculator.blockoption",
    "pk": 81,
    "fields": {
      "polymorphic_ctype": 51,
      "created_at": "2024-09-28T15:04:12.685Z",
      "updated_at": "2024-09-28T15:04:12.685Z",
      "block": 4,
      "position": 6,
      "title": "Датчик пожарный",
      "description": "Датчик пожарный проводной",
      "option_type": "counter",
      "choices": null,
      "depends_on": 76,
      "depends_on_value": "Проводная"
    }
  },
  {
    "model": "calculator.blockoption",
    "pk": 82,
    "fields": {
      "polymorphic_ctype": 51,
      "created_at": "2024-09-28T15:05:48.955Z",
      "updated_at": "2024-09-28T15:05:48.955Z",
      "block": 4,
      "position": 7,
      "title": "Датчик пожарный",
      "description": "Датчик пожарный беспроводной",
      "option_type": "counter",
      "choices": null,
      "depends_on": 76,
      "depends_on_value": "Беспроводная"
    }
  },
  {
    "model": "calculator.blockoption",
    "pk": 83,
    "fields": {
      "polymorphic_ctype": 51,
      "created_at": "2024-09-28T15:05:48.957Z",
      "updated_at": "2024-09-28T15:05:48.957Z",
      "block": 4,
      "position": 8,
      "title": "Датчик охранный",
      "description": "Датчик охранный проводной",
      "option_type": "counter",
      "choices": null,
      "depends_on": 76,
      "depends_on_value": "Проводная"
    }
  },
  {
    "model": "calculator.blockoption",
    "pk": 84,
    "fields": {
      "polymorphic_ctype": 51,
      "created_at": "2024-09-28T15:05:48.959Z",
      "updated_at": "2024-09-28T15:05:48.959Z",
      "block": 4,
      "position": 9,
      "title": "Датчик охранный",
      "description": "Датчик охранный беспроводной",
      "option_type": "counter",
      "choices": null,
      "depends_on": 76,
      "depends_on_value": "Беспроводная"
    }
  },
  {
    "model": "calculator.blockoption",
    "pk": 85,
    "fields": {
      "polymorphic_ctype": 51,
      "created_at": "2024-09-28T15:07:07.526Z",
      "updated_at": "2024-09-28T15:07:07.526Z",
      "block": 4,
      "position": 10,
      "title": "Разработка проекта",
      "description": "Разработка проекта",
      "option_type": "radio",
      "choices": "Нет; Простая; Средняя; Сложная",
      "depends_on": null,
      "depends_on_value": ""
    }
  },
  {
    "model": "calculator.blockoption",
    "pk": 86,
    "fields": {
      "polymorphic_ctype": 51,
      "created_at": "2024-09-28T15:07:07.528Z",
      "updated_at": "2024-09-28T15:07:07.528Z",
      "block": 4,
      "position": 11,
      "title": "Длина кабеля, м",
      "description": "Длина кабеля",
      "option_type": "number",
      "choices": null,
      "depends_on": 76,
      "depends_on_value": "Проводная"
    }
  },
  {
    "model": "calculator.blockoption",
    "pk": 87,
    "fields": {
      "polymorphic_ctype": 51,
      "created_at": "2024-09-28T15:07:07.530Z",
      "updated_at": "2024-09-28T15:07:07.530Z",
      "block": 4,
      "position": 12,
      "title": "Длина кабеля, м",
      "description": "Длина кабеля, м",
      "option_type": "number",
      "choices": null,
      "depends_on": 76,
      "depends_on_value": "Беспроводная"
    }
  },
  {
    "model": "calculator.blockoption",
    "pk": 88,
    "fields": {
      "polymorphic_ctype": 51,
      "created_at": "2024-09-28T15:07:54.032Z",
      "updated_at": "2024-09-28T15:07:54.032Z",
      "block": 4,
      "position": 13,
      "title": "Огнетушитель",
      "description": "Тушит горящие места",
      "option_type": "counter",
      "choices": null,
      "depends_on": null,
      "depends_on_value": ""
    }
  },
  {
    "model": "calculator.productoption",
    "pk": 55,
    "fields": {
      "name": "type",
      "product": 13,
      "filters": "initial: accommodation != Уличное\r\nAHD: type==AHD\r\nIP: type==IP",
      "block_amount_undependent": false,
      "amount_depend": null
    }
  },
  {
    "model": "calculator.productoption",
    "pk": 48,
    "fields": {
      "name": "type",
      "product": 1,
      "filters": "initial: accommodation != Внутренняя\r\nAHD: type==AHD\r\nIP: type==IP",
      "block_amount_undependent": false,
      "amount_depend": null
    }
  },
  {
    "model": "calculator.productoption",
    "pk": 56,
    "fields": {
      "name": "resolution",
      "product": 13,
      "filters": "HD: resolution < 2\r\nFullHD: resolution >= 2; resolution < 3\r\n2K-4K: resolution >= 3",
      "block_amount_undependent": false,
      "amount_depend": null
    }
  },
  {
    "model": "calculator.productoption",
    "pk": 49,
    "fields": {
      "name": "resolution",
      "product": 1,
      "filters": "HD: resolution < 2\r\nFullHD: resolution >= 2; resolution < 3\r\n2K-4K: resolution >= 3",
      "block_amount_undependent": false,
      "amount_depend": null
    }
  },
  {
    "model": "calculator.productoption",
    "pk": 57,
    "fields": {
      "name": "focus",
      "product": 13,
      "filters": "true: focus == Варио",
      "block_amount_undependent": false,
      "amount_depend": null
    }
  },
  {
    "model": "calculator.productoption",
    "pk": 50,
    "fields": {
      "name": "focus",
      "product": 1,
      "filters": "true: focus == Варио",
      "block_amount_undependent": false,
      "amount_depend": null
    }
  },
  {
    "model": "calculator.productoption",
    "pk": 51,
    "fields": {
      "name": "microphone",
      "product": 1,
      "filters": "true: microphone==true",
      "block_amount_undependent": false,
      "amount_depend": null
    }
  },
  {
    "model": "calculator.productoption",
    "pk": 58,
    "fields": {
      "name": "microphone",
      "product": 13,
      "filters": "true: microphone == true",
      "block_amount_undependent": false,
      "amount_depend": null
    }
  },
  {
    "model": "calculator.productoption",
    "pk": 59,
    "fields": {
      "name": "capacity",
      "product": 12,
      "filters": "1 tb: capacity == 1\r\n2 tb: capacity == 2\r\n4 tb: capacity == 4\r\n6 tb: capacity == 6",
      "block_amount_undependent": true,
      "amount_depend": null
    }
  },
  {
    "model": "calculator.productoption",
    "pk": 52,
    "fields": {
      "name": "capacity",
      "product": 3,
      "filters": "1 tb: capacity == 1\r\n2 tb: capacity == 2\r\n4 tb: capacity == 4\r\n6 tb: capacity == 6",
      "block_amount_undependent": true,
      "amount_depend": null
    }
  },
  {
    "model": "calculator.valueoption",
    "pk": 62,
    "fields": { "name": "skud_type", "variability_with_block_amount": false, "initial_value": null }
  },
  {
    "model": "calculator.valueoption",
    "pk": 76,
    "fields": {
      "name": "security_system_type",
      "variability_with_block_amount": false,
      "initial_value": null
    }
  },
  {
    "model": "calculator.valueoption",
    "pk": 77,
    "fields": {
      "name": "security_sensor",
      "variability_with_block_amount": false,
      "initial_value": null
    }
  },
  {
    "model": "calculator.valueoption",
    "pk": 63,
    "fields": {
      "name": "skud_controller",
      "variability_with_block_amount": true,
      "initial_value": null
    }
  },
  {
    "model": "calculator.valueoption",
    "pk": 64,
    "fields": {
      "name": "cabel_montage",
      "variability_with_block_amount": false,
      "initial_value": null
    }
  },
  {
    "model": "calculator.valueoption",
    "pk": 78,
    "fields": {
      "name": "security_sound_sensor",
      "variability_with_block_amount": false,
      "initial_value": null
    }
  },
  {
    "model": "calculator.valueoption",
    "pk": 79,
    "fields": {
      "name": "security_light_sensor",
      "variability_with_block_amount": false,
      "initial_value": null
    }
  },
  {
    "model": "calculator.valueoption",
    "pk": 65,
    "fields": {
      "name": "access_point_montage",
      "variability_with_block_amount": false,
      "initial_value": null
    }
  },
  {
    "model": "calculator.valueoption",
    "pk": 53,
    "fields": {
      "name": "outer_camera_len",
      "variability_with_block_amount": false,
      "initial_value": null
    }
  },
  {
    "model": "calculator.valueoption",
    "pk": 66,
    "fields": {
      "name": "skud_locking_device_type",
      "variability_with_block_amount": false,
      "initial_value": null
    }
  },
  {
    "model": "calculator.valueoption",
    "pk": 80,
    "fields": {
      "name": "wireless_security_sound_sensor",
      "variability_with_block_amount": false,
      "initial_value": null
    }
  },
  {
    "model": "calculator.valueoption",
    "pk": 60,
    "fields": {
      "name": "inner_camera_len",
      "variability_with_block_amount": false,
      "initial_value": null
    }
  },
  {
    "model": "calculator.valueoption",
    "pk": 67,
    "fields": {
      "name": "skud_locking_device",
      "variability_with_block_amount": true,
      "initial_value": null
    }
  },
  {
    "model": "calculator.valueoption",
    "pk": 81,
    "fields": {
      "name": "security_wired_fire_detector",
      "variability_with_block_amount": false,
      "initial_value": null
    }
  },
  {
    "model": "calculator.valueoption",
    "pk": 82,
    "fields": {
      "name": "security_wireless_fire_detector",
      "variability_with_block_amount": false,
      "initial_value": null
    }
  },
  {
    "model": "calculator.valueoption",
    "pk": 68,
    "fields": {
      "name": "skud_card_reader",
      "variability_with_block_amount": true,
      "initial_value": null
    }
  },
  {
    "model": "calculator.valueoption",
    "pk": 61,
    "fields": {
      "name": "inner_setup",
      "variability_with_block_amount": false,
      "initial_value": null
    }
  },
  {
    "model": "calculator.valueoption",
    "pk": 54,
    "fields": {
      "name": "setup_type",
      "variability_with_block_amount": false,
      "initial_value": null
    }
  },
  {
    "model": "calculator.valueoption",
    "pk": 69,
    "fields": { "name": "skud_card", "variability_with_block_amount": true, "initial_value": 5 }
  },
  {
    "model": "calculator.valueoption",
    "pk": 83,
    "fields": {
      "name": "security_wired_security_sensor",
      "variability_with_block_amount": false,
      "initial_value": null
    }
  },
  {
    "model": "calculator.valueoption",
    "pk": 84,
    "fields": {
      "name": "security_wireless_security_sensor",
      "variability_with_block_amount": false,
      "initial_value": null
    }
  },
  {
    "model": "calculator.valueoption",
    "pk": 70,
    "fields": {
      "name": "skud_exit_button",
      "variability_with_block_amount": false,
      "initial_value": null
    }
  },
  {
    "model": "calculator.valueoption",
    "pk": 71,
    "fields": {
      "name": "skud_power_supply",
      "variability_with_block_amount": true,
      "initial_value": null
    }
  },
  {
    "model": "calculator.valueoption",
    "pk": 85,
    "fields": {
      "name": "project_development",
      "variability_with_block_amount": false,
      "initial_value": null
    }
  },
  {
    "model": "calculator.valueoption",
    "pk": 86,
    "fields": {
      "name": "security_cable_len_wired",
      "variability_with_block_amount": false,
      "initial_value": null
    }
  },
  {
    "model": "calculator.valueoption",
    "pk": 72,
    "fields": {
      "name": "skud_door_closer",
      "variability_with_block_amount": false,
      "initial_value": null
    }
  },
  {
    "model": "calculator.valueoption",
    "pk": 87,
    "fields": {
      "name": "security_cable_len_wireless",
      "variability_with_block_amount": false,
      "initial_value": null
    }
  },
  {
    "model": "calculator.valueoption",
    "pk": 73,
    "fields": {
      "name": "skud_intecom",
      "variability_with_block_amount": false,
      "initial_value": null
    }
  },
  {
    "model": "calculator.valueoption",
    "pk": 88,
    "fields": {
      "name": "security_fire_extinguisher",
      "variability_with_block_amount": false,
      "initial_value": null
    }
  },
  {
    "model": "calculator.valueoption",
    "pk": 74,
    "fields": {
      "name": "skud_call_panel",
      "variability_with_block_amount": false,
      "initial_value": null
    }
  },
  {
    "model": "calculator.valueoption",
    "pk": 75,
    "fields": {
      "name": "skud_subscriber_units",
      "variability_with_block_amount": false,
      "initial_value": null
    }
  }
]
