[
  {
    "model": "contenttypes.contenttype",
    "pk": 1,
    "fields": { "app_label": "admin", "model": "logentry" }
  },
  {
    "model": "contenttypes.contenttype",
    "pk": 2,
    "fields": { "app_label": "auth", "model": "permission" }
  },
  {
    "model": "contenttypes.contenttype",
    "pk": 3,
    "fields": { "app_label": "auth", "model": "group" }
  },
  {
    "model": "contenttypes.contenttype",
    "pk": 4,
    "fields": { "app_label": "auth", "model": "user" }
  },
  {
    "model": "contenttypes.contenttype",
    "pk": 5,
    "fields": { "app_label": "contenttypes", "model": "contenttype" }
  },
  {
    "model": "contenttypes.contenttype",
    "pk": 6,
    "fields": { "app_label": "sessions", "model": "session" }
  },
  {
    "model": "contenttypes.contenttype",
    "pk": 7,
    "fields": { "app_label": "product", "model": "productcategory" }
  },
  {
    "model": "contenttypes.contenttype",
    "pk": 8,
    "fields": { "app_label": "product", "model": "imageworks" }
  },
  {
    "model": "contenttypes.contenttype",
    "pk": 9,
    "fields": { "app_label": "product", "model": "manufacturer" }
  },
  {
    "model": "contenttypes.contenttype",
    "pk": 10,
    "fields": { "app_label": "product", "model": "ourservice" }
  },
  {
    "model": "contenttypes.contenttype",
    "pk": 11,
    "fields": { "app_label": "product", "model": "questions" }
  },
  {
    "model": "contenttypes.contenttype",
    "pk": 12,
    "fields": { "app_label": "product", "model": "readysolutions" }
  },
  {
    "model": "contenttypes.contenttype",
    "pk": 13,
    "fields": { "app_label": "product", "model": "product" }
  },
  {
    "model": "contenttypes.contenttype",
    "pk": 14,
    "fields": { "app_label": "product", "model": "ourworks" }
  },
  {
    "model": "contenttypes.contenttype",
    "pk": 15,
    "fields": { "app_label": "product", "model": "register" }
  },
  {
    "model": "contenttypes.contenttype",
    "pk": 16,
    "fields": { "app_label": "product", "model": "hdd" }
  },
  {
    "model": "contenttypes.contenttype",
    "pk": 17,
    "fields": { "app_label": "product", "model": "camera" }
  },
  {
    "model": "contenttypes.contenttype",
    "pk": 18,
    "fields": { "app_label": "application", "model": "application" }
  },
  {
    "model": "contenttypes.contenttype",
    "pk": 19,
    "fields": { "app_label": "calculator", "model": "pricelist" }
  },
  {
    "model": "contenttypes.contenttype",
    "pk": 20,
    "fields": { "app_label": "calculator", "model": "calculator" }
  },
  {
    "model": "contenttypes.contenttype",
    "pk": 21,
    "fields": { "app_label": "calculator", "model": "formula" }
  },
  {
    "model": "contenttypes.contenttype",
    "pk": 22,
    "fields": { "app_label": "calculator", "model": "calculatorblock" }
  },
  {
    "model": "contenttypes.contenttype",
    "pk": 23,
    "fields": { "app_label": "calculator", "model": "blockoption" }
  },
  {
    "model": "contenttypes.contenttype",
    "pk": 24,
    "fields": { "app_label": "product", "model": "readysolution" }
  },
  {
    "model": "contenttypes.contenttype",
    "pk": 25,
    "fields": { "app_label": "product", "model": "solutiontoproduct" }
  },
  {
    "model": "contenttypes.contenttype",
    "pk": 26,
    "fields": { "app_label": "product", "model": "tag" }
  },
  {
    "model": "contenttypes.contenttype",
    "pk": 27,
    "fields": { "app_label": "product", "model": "questionscategory" }
  },
  {
    "model": "contenttypes.contenttype",
    "pk": 28,
    "fields": { "app_label": "social", "model": "questionscategory" }
  },
  {
    "model": "contenttypes.contenttype",
    "pk": 29,
    "fields": { "app_label": "social", "model": "questions" }
  },
  {
    "model": "contenttypes.contenttype",
    "pk": 30,
    "fields": { "app_label": "social", "model": "team" }
  },
  {
    "model": "contenttypes.contenttype",
    "pk": 31,
    "fields": { "app_label": "social", "model": "employee" }
  },
  {
    "model": "contenttypes.contenttype",
    "pk": 32,
    "fields": { "app_label": "calculator", "model": "price" }
  },
  {
    "model": "sessions.session",
    "pk": "43rtv12hug1o14s6kf9mp2ek2e9drzl7",
    "fields": {
      "session_data": ".eJxVjDsOwyAQRO9CHSE-i8Ap0-cMCHaX4CTCkrErK3ePLblIminmvZlNxLQuNa6d5ziSuAotLr9dTvjidgB6pvaYJE5tmccsD0WetMv7RPy-ne7fQU297mtWyMRuj0ADOG8dFuMcBA_eMqbCA4JDYzyxBlJgDVmvVcgFs1EgPl8B6zgz:1s92JB:exT1OkgNIQPApBzvnVbjBOh-PwWzJBGjmWZltSKlAjc",
      "expire_date": "2024-06-03T12:40:05.562Z"
    }
  },
  { "model": "product.productcategory", "pk": 1, "fields": { "title": "Камера" } },
  { "model": "product.productcategory", "pk": 2, "fields": { "title": "Регистратор" } },
  { "model": "product.manufacturer", "pk": 1, "fields": { "title": "Dahua" } },
  { "model": "product.manufacturer", "pk": 2, "fields": { "title": "HiWatch" } },
  {
    "model": "product.product",
    "pk": 1,
    "fields": {
      "polymorphic_ctype": 17,
      "article": "УТ-00063990",
      "model": "DH-IPC-HDPW1431R1P-0360B-S4 Купольная IP-видеокамера Dahua",
      "image": "media/product/3d25dde96efb7e56e03c348ea54368f5_7pzlb52.jpg",
      "description": "Купольная IP-видеокамера",
      "manufacturer": 1,
      "category": 1,
      "price": 9890
    }
  },
  {
    "model": "product.product",
    "pk": 2,
    "fields": {
      "polymorphic_ctype": 17,
      "article": "УТ-00053516",
      "model": "DH-IPC-HDW1239TP-A-LED-0280B-S5 Уличная купольная IP-видеокамера Full-color Dahua",
      "image": "media/product/3d25dde96efb7e56e03c348ea54368f5_EHNynRu.jpg",
      "description": "Купольная IP-видеокамера",
      "manufacturer": 1,
      "category": 1,
      "price": 10190
    }
  },
  {
    "model": "product.product",
    "pk": 3,
    "fields": {
      "polymorphic_ctype": 15,
      "article": "УТ-00028365",
      "model": "DS-N204(C) 4-х канальный IP-регистратор HiWatch",
      "image": "media/product/3d25dde96efb7e56e03c348ea54368f5_G8Hx7s6.jpg",
      "description": "4-х канальный IP-регистратор",
      "manufacturer": 2,
      "category": 2,
      "price": 8690
    }
  },
  {
    "model": "product.product",
    "pk": 4,
    "fields": {
      "polymorphic_ctype": 15,
      "article": "УТ-00051004",
      "model": "DS-H116GA 16-канальный гибридный HD-TVI регистратор HiWatch",
      "image": "media/product/3d25dde96efb7e56e03c348ea54368f5_xF5AERa.jpg",
      "description": "16-х канальный гибридный HD-TVI",
      "manufacturer": 2,
      "category": 2,
      "price": 16690
    }
  },
  {
    "model": "product.camera",
    "pk": 1,
    "fields": {
      "type": "IP",
      "form_factor": "Купольная",
      "accommodation": "Уличное",
      "resolution": "4Мп (2560x1440)",
      "dark": "30 метров",
      "temperature": "-30/+50",
      "power_supply": "12В DC; PoE",
      "microphone": "нет",
      "micro_sd": "нет",
      "viewing_angle": "92°",
      "focus": "3,6мм"
    }
  },
  {
    "model": "product.camera",
    "pk": 2,
    "fields": {
      "type": "IP",
      "form_factor": "Купольная",
      "accommodation": "Уличное",
      "resolution": "2Мп (1920х1080)",
      "dark": "30 метров, цветное изображение",
      "temperature": "-40/+60",
      "power_supply": "12В DC; PoE",
      "microphone": "Микроофон",
      "micro_sd": "нет",
      "viewing_angle": "105°",
      "focus": "2,8мм"
    }
  },
  {
    "model": "product.register",
    "pk": 3,
    "fields": {
      "max_resolution": "до 4Мп",
      "quantity_cam": 4,
      "quantity_hdd": 1,
      "max_size_hdd": 8,
      "power_supply": "нет"
    }
  },
  {
    "model": "product.register",
    "pk": 4,
    "fields": {
      "max_resolution": "До 8Мп",
      "quantity_cam": 16,
      "quantity_hdd": 1,
      "max_size_hdd": 1,
      "power_supply": "нет"
    }
  },
  { "model": "social.questionscategory", "pk": 1, "fields": { "name": "Тест" } },
  {
    "model": "social.questions",
    "pk": 1,
    "fields": {
      "question": "Ну как ты?",
      "answer": "Тест\r\n\r\nТест\r\n\r\nТест\r\nТест\r\nТест\r\n\r\n\r\nТест",
      "category": 1
    }
  },
  { "model": "calculator.pricelist", "pk": 1, "fields": { "date": "2024-06-01T14:51:51.377Z" } },
  {
    "model": "calculator.price",
    "pk": 1,
    "fields": {
      "price_list": null,
      "name": "Цена за 1 метр внутреннего кабеля",
      "variable_name": "price_cabel_1",
      "price": 85,
      "is_show": false
    }
  },
  {
    "model": "calculator.formula",
    "pk": 1,
    "fields": {
      "expression": "outer_camera_len * cabel_price_for_outer_cameras_per_meter + if(camera_sound == true, 2500, 0)"
    }
  },
  { "model": "calculator.formula", "pk": 2, "fields": { "expression": "3000" } },
  { "model": "calculator.formula", "pk": 3, "fields": { "expression": "25" } },
  {
    "model": "calculator.formula",
    "pk": 4,
    "fields": {
      "expression": "inner_camera_len * cabel_price_for_inner_cameras_per_meter + if(camera_sound == true, 2500, 0)"
    }
  },
  { "model": "calculator.calculator", "pk": 1, "fields": { "price_list": 1, "is_active": true } },
  {
    "model": "calculator.calculatorblock",
    "pk": 1,
    "fields": {
      "calculator": 1,
      "title": "Внешние камеры",
      "image": "media/calculator/camera-white_KdZPOAb.png",
      "formula": 1
    }
  },
  {
    "model": "calculator.calculatorblock",
    "pk": 2,
    "fields": {
      "calculator": 1,
      "title": "Внутренние камеры",
      "image": "media/calculator/inner-camera_U6YbgZc.png",
      "formula": 4
    }
  },
  {
    "model": "calculator.calculatorblock",
    "pk": 3,
    "fields": {
      "calculator": 1,
      "title": "СКУД",
      "image": "media/calculator/remote_bAofg86.png",
      "formula": 2
    }
  },
  {
    "model": "calculator.calculatorblock",
    "pk": 4,
    "fields": {
      "calculator": 1,
      "title": "Биометрические сканеры",
      "image": "media/calculator/fingerprint.png",
      "formula": 3
    }
  },
  {
    "model": "calculator.blockoption",
    "pk": 1,
    "fields": {
      "block": 1,
      "title": "Объем хранилища, tb",
      "description": "Ну сколько там надо?",
      "option_type": "radio",
      "name": "camera_hdd",
      "choices": "1 tb; 2 tb; 4 tb; 6 tb",
      "product": null,
      "filters": ""
    }
  },
  {
    "model": "calculator.blockoption",
    "pk": 2,
    "fields": {
      "block": 1,
      "title": "Настраиваемый объектив",
      "description": "Ну типо приближает, я хз",
      "option_type": "checkbox",
      "name": "camera_obj",
      "choices": null,
      "product": null,
      "filters": ""
    }
  },
  {
    "model": "calculator.blockoption",
    "pk": 3,
    "fields": {
      "block": 1,
      "title": "Тип системы",
      "description": "Ну тип системы",
      "option_type": "radio",
      "name": "type",
      "choices": "AHD; IP",
      "product": "Камера",
      "filters": "accommodation==Уличное"
    }
  },
  {
    "model": "calculator.blockoption",
    "pk": 4,
    "fields": {
      "block": 1,
      "title": "Качество изображения",
      "description": "Ну смотря какой экран, если хотите кино смотреть, то берите 4К",
      "option_type": "radio",
      "name": "camera_quality",
      "choices": "HD; FullHD; 2K-4K",
      "product": null,
      "filters": ""
    }
  },
  {
    "model": "calculator.blockoption",
    "pk": 5,
    "fields": {
      "block": 1,
      "title": "Запись звука",
      "description": "Ну это если у вас есть наушники",
      "option_type": "checkbox",
      "name": "camera_sound",
      "choices": null,
      "product": null,
      "filters": ""
    }
  },
  {
    "model": "calculator.blockoption",
    "pk": 6,
    "fields": {
      "block": 1,
      "title": "Длина кабеля, м",
      "description": "Прикинуться змеей и посчитать расстояние",
      "option_type": "number",
      "name": "outer_camera_len",
      "choices": null,
      "product": null,
      "filters": ""
    }
  },
  {
    "model": "calculator.blockoption",
    "pk": 7,
    "fields": {
      "block": 2,
      "title": "Объем хранилища, tb",
      "description": "Ну сколько там надо?",
      "option_type": "radio",
      "name": "camera_hdd",
      "choices": "1 tb; 2 tb; 4 tb; 6 tb",
      "product": null,
      "filters": ""
    }
  },
  {
    "model": "calculator.blockoption",
    "pk": 8,
    "fields": {
      "block": 2,
      "title": "Настраиваемый объектив",
      "description": "Ну типо приближает, я хз",
      "option_type": "checkbox",
      "name": "camera_obj",
      "choices": null,
      "product": null,
      "filters": ""
    }
  },
  {
    "model": "calculator.blockoption",
    "pk": 9,
    "fields": {
      "block": 2,
      "title": "Тип системы",
      "description": "Ну тип системы",
      "option_type": "radio",
      "name": "type",
      "choices": "AHD; IP",
      "product": "Камера",
      "filters": "price <= 10000"
    }
  },
  {
    "model": "calculator.blockoption",
    "pk": 10,
    "fields": {
      "block": 2,
      "title": "Качество изображения",
      "description": "Ну смотря какой экран, если хотите кино смотреть, то берите 4К",
      "option_type": "radio",
      "name": "camera_quality",
      "choices": "HD; FullHD; 2K-4K",
      "product": null,
      "filters": ""
    }
  },
  {
    "model": "calculator.blockoption",
    "pk": 11,
    "fields": {
      "block": 2,
      "title": "Запись звука",
      "description": "Ну это если у вас есть наушники",
      "option_type": "checkbox",
      "name": "camera_sound",
      "choices": null,
      "product": null,
      "filters": ""
    }
  },
  {
    "model": "calculator.blockoption",
    "pk": 12,
    "fields": {
      "block": 2,
      "title": "Длина кабеля, м",
      "description": "Прикинуться змеей и посчитать расстояние",
      "option_type": "number",
      "name": "inner_camera_len",
      "choices": null,
      "product": null,
      "filters": null
    }
  },
  {
    "model": "calculator.blockoption",
    "pk": 13,
    "fields": {
      "block": 3,
      "title": "Учет рабочего времени",
      "description": "Я хз, наверн фишка для статистики",
      "option_type": "checkbox",
      "name": "scud_time",
      "choices": null,
      "product": null,
      "filters": null
    }
  },
  {
    "model": "calculator.blockoption",
    "pk": 14,
    "fields": {
      "block": 3,
      "title": "Кол-во считывателей, шт.",
      "description": "Что-то из прикладной математики похоже",
      "option_type": "number",
      "name": "scud_num",
      "choices": null,
      "product": null,
      "filters": null
    }
  },
  {
    "model": "calculator.blockoption",
    "pk": 15,
    "fields": {
      "block": 3,
      "title": "Длин кабеля, м",
      "description": "Прикинуться змеей и посчитать расстояние",
      "option_type": "number",
      "name": "scud_len",
      "choices": null,
      "product": null,
      "filters": null
    }
  },
  {
    "model": "calculator.blockoption",
    "pk": 16,
    "fields": {
      "block": 4,
      "title": "Биометрический терминал",
      "description": "Как в кино типо",
      "option_type": "checkbox",
      "name": "bio_terminal",
      "choices": null,
      "product": null,
      "filters": null
    }
  }
]
